                  epoch,         train/box_loss,        train/pose_loss,        train/kobj_loss,         train/cls_loss,         train/dfl_loss,   metrics/precision(B),      metrics/recall(B),       metrics/mAP50(B),    metrics/mAP50-95(B),   metrics/precision(P),      metrics/recall(P),       metrics/mAP50(P),    metrics/mAP50-95(P),           val/box_loss,          val/pose_loss,          val/kobj_loss,           val/cls_loss,           val/dfl_loss,                 lr/pg0,                 lr/pg1,                 lr/pg2
                      1,                 1.5913,                 10.461,                0.64164,                 2.1485,                 1.5581,                0.44109,                0.55675,                0.43005,                0.17562,                      0,                      0,                      0,                      0,                 1.8881,                 10.083,                0.53128,                 1.7064,                 1.6282,             0.00055385,             0.00055385,             0.00055385
                      2,                  1.558,                 9.2735,                0.58048,                 1.4972,                 1.4595,                 0.4507,                0.53528,                0.40777,                0.14929,                      0,                      0,                      0,                      0,                 2.0762,                 9.7229,                0.53452,                 1.8488,                 1.7721,              0.0011004,              0.0011004,              0.0011004
                      3,                 1.5615,                 8.9989,                0.56627,                 1.4275,                 1.4465,                0.51772,                0.55321,                0.46627,                 0.1954,                      0,                      0,                      0,                      0,                 1.9385,                 9.2657,                0.52203,                 1.5948,                 1.6158,              0.0016377,              0.0016377,              0.0016377
                      4,                 1.5107,                 8.7271,                0.53967,                 1.3398,                 1.4219,                0.55344,                0.54364,                0.48619,                0.21921,                 0.0027,                 0.0046,                  6e-05,                  1e-05,                 1.8078,                 9.0678,                 0.5049,                 1.5874,                 1.5409,              0.0016257,              0.0016257,              0.0016257
                      5,                 1.4578,                 8.5178,                 0.5247,                 1.2593,                 1.3863,                0.54941,                 0.6089,                 0.5028,                0.23189,                0.00506,                0.00153,                0.00014,                  2e-05,                 1.8105,                 8.9683,                0.49191,                 1.5005,                 1.5269,               0.001612,               0.001612,               0.001612
                      6,                 1.4357,                 8.4092,                0.51169,                 1.2273,                 1.3647,                0.53304,                0.58742,                0.51768,                 0.2524,                0.00567,                 0.0046,                0.00049,                  6e-05,                 1.7982,                 8.8002,                 0.4885,                 1.4386,                 1.4841,              0.0015982,              0.0015982,              0.0015982
                      7,                 1.3849,                 8.2225,                0.50248,                 1.1658,                  1.324,                0.60674,                0.60583,                0.54235,                0.24019,                0.00763,                 0.0046,                0.00019,                  2e-05,                 1.7453,                 8.7573,                0.48527,                 1.4027,                 1.4858,              0.0015845,              0.0015845,              0.0015845
                      8,                 1.3569,                 8.0906,                0.48671,                 1.1411,                 1.3078,                0.55177,                0.59474,                0.48633,                0.22665,                 0.0093,                0.01227,                0.00099,                0.00011,                 1.8005,                 8.6679,                0.48478,                 1.4483,                 1.5428,              0.0015707,              0.0015707,              0.0015707
                      9,                 1.3242,                 8.0268,                0.48133,                 1.1287,                 1.2897,                0.58272,                0.59049,                0.53424,                0.27097,                0.00779,                0.00767,                0.00566,                0.00057,                 1.7051,                 8.5188,                0.48873,                 1.4076,                 1.4356,               0.001557,               0.001557,               0.001557
                     10,                  1.326,                 7.9685,                0.48077,                 1.1014,                 1.2896,                0.60825,                0.64264,                0.58409,                0.30655,                 0.0134,                0.01534,                0.00176,                0.00028,                 1.6132,                 8.4271,                0.47276,                 1.2561,                 1.3786,              0.0015432,              0.0015432,              0.0015432
                     11,                 1.2944,                 7.8947,                0.47608,                  1.074,                 1.2695,                0.58169,                0.62423,                0.55471,                0.28993,                0.04946,                0.01534,                0.00327,                0.00034,                 1.6246,                 8.3373,                0.47385,                 1.3038,                 1.4113,              0.0015295,              0.0015295,              0.0015295
                     12,                 1.2746,                 7.7876,                0.46682,                 1.0779,                 1.2571,                0.60025,                0.64724,                0.56272,                  0.299,                0.03332,                0.02301,                0.00204,                0.00025,                 1.6152,                 8.2452,                0.46906,                  1.251,                 1.3915,              0.0015157,              0.0015157,              0.0015157
                     13,                 1.2706,                 7.7156,                0.46608,                 1.0675,                 1.2626,                0.59836,                0.64206,                0.56518,                0.30269,                0.04547,                0.03374,                0.00877,                0.00147,                 1.5917,                 8.1946,                0.47112,                 1.2374,                 1.3518,               0.001502,               0.001502,               0.001502
                     14,                 1.2382,                 7.6915,                0.45507,                 1.0307,                 1.2402,                0.60422,                0.63957,                0.57551,                0.31044,                0.05544,                0.02147,                0.00842,                0.00137,                 1.6384,                 8.1945,                0.46233,                 1.2691,                 1.4008,              0.0014882,              0.0014882,              0.0014882
                     15,                  1.222,                 7.6233,                0.45096,                 1.0113,                 1.2265,                0.65508,                0.71166,                0.60551,                0.33403,                0.06564,                0.05215,                 0.0088,                0.00112,                 1.5524,                 7.9357,                0.46876,                 1.1613,                 1.3278,              0.0014745,              0.0014745,              0.0014745
                     16,                 1.2268,                 7.5834,                0.45572,                 1.0267,                 1.2385,                0.62358,                0.65044,                 0.5708,                0.31406,                0.04262,                0.03834,                0.00337,                0.00041,                 1.5318,                 8.0133,                0.45689,                 1.1794,                 1.3336,              0.0014607,              0.0014607,              0.0014607
                     17,                 1.1948,                 7.5662,                0.45104,                0.99789,                 1.2083,                0.61209,                0.69785,                0.57938,                0.32251,                0.03192,                0.02607,                0.00267,                0.00029,                 1.5056,                 7.9259,                 0.4701,                  1.184,                 1.2998,               0.001447,               0.001447,               0.001447
                     18,                 1.1971,                 7.5103,                0.44577,                0.99613,                 1.2145,                0.64549,                0.65337,                0.58138,                0.31894,                0.05118,                0.03834,                0.00658,                 0.0009,                 1.5448,                 7.9095,                0.46389,                  1.183,                 1.3554,              0.0014332,              0.0014332,              0.0014332
                     19,                 1.1959,                 7.4129,                0.44671,                0.98902,                 1.2179,                0.64813,                0.62883,                0.58661,                0.31127,                0.04247,                0.03988,                0.00588,                0.00085,                 1.5582,                 7.9504,                0.46402,                 1.1851,                 1.3387,              0.0014195,              0.0014195,              0.0014195
                     20,                 1.1743,                 7.4423,                0.44547,                0.97987,                 1.2021,                0.61444,                0.63957,                0.55347,                0.30037,                0.05232,                0.03374,                 0.0044,                0.00059,                 1.5859,                 8.0442,                0.46989,                 1.2347,                 1.3737,              0.0014057,              0.0014057,              0.0014057
                     21,                 1.1719,                 7.4146,                0.44409,                0.98105,                 1.1966,                0.61316,                0.70706,                0.60213,                0.33774,                0.03339,                0.03374,                0.00359,                0.00041,                 1.5285,                 7.8505,                0.46596,                 1.1273,                 1.3411,              0.0013919,              0.0013919,              0.0013919
                     22,                 1.1672,                 7.3289,                0.44043,                0.97479,                 1.2023,                0.64084,                0.66718,                0.60595,                0.34883,                0.04171,                0.04141,                0.00873,                0.00139,                 1.5095,                 7.8766,                0.46971,                 1.1638,                 1.3081,              0.0013782,              0.0013782,              0.0013782
                     23,                 1.1434,                 7.2901,                0.43792,                0.96801,                 1.1855,                0.62183,                0.66076,                0.58436,                0.31712,                0.04533,                0.02607,                0.00364,                0.00044,                 1.5487,                  7.918,                0.46948,                 1.1892,                 1.3524,              0.0013644,              0.0013644,              0.0013644
                     24,                 1.1463,                 7.2956,                0.43641,                0.95882,                 1.1844,                0.68212,                 0.6714,                0.61434,                0.36182,                0.06101,                0.05368,                0.01533,                0.00275,                 1.4896,                 7.7572,                0.45792,                 1.1352,                 1.3113,              0.0013507,              0.0013507,              0.0013507
                     25,                 1.1313,                 7.2405,                 0.4346,                 0.9363,                  1.178,                0.68344,                0.68558,                0.63584,                0.37402,                0.05843,                0.04294,                0.00997,                0.00162,                 1.4847,                 7.7866,                0.45988,                 1.0752,                 1.2839,              0.0013369,              0.0013369,              0.0013369
                     26,                 1.1261,                 7.2271,                0.43159,                0.93778,                  1.182,                0.64888,                0.73466,                0.63384,                0.37266,                0.07398,                0.06135,                0.00858,                  0.001,                 1.4022,                 7.6013,                0.45797,                 1.0644,                 1.2414,              0.0013232,              0.0013232,              0.0013232
                     27,                 1.1361,                 7.2064,                0.43425,                0.94465,                 1.1825,                0.63783,                0.69632,                0.61422,                 0.3601,                0.06925,                0.06135,                0.01588,                0.00282,                 1.4624,                 7.6866,                0.45854,                 1.0811,                 1.2962,              0.0013094,              0.0013094,              0.0013094
                     28,                 1.1149,                 7.1152,                0.43249,                0.93875,                  1.176,                0.64531,                0.68252,                 0.5764,                0.31828,                0.05984,                0.04908,                0.00521,                0.00066,                 1.5192,                 7.7487,                0.45888,                 1.1198,                 1.3465,              0.0012957,              0.0012957,              0.0012957
                     29,                 1.1236,                 7.1888,                0.42899,                0.94067,                 1.1734,                0.66229,                0.67638,                0.61848,                0.35835,                0.05759,                0.05828,                 0.0088,                 0.0012,                  1.443,                 7.6843,                0.45987,                 1.1017,                 1.2568,              0.0012819,              0.0012819,              0.0012819
                     30,                 1.1019,                 7.1115,                0.43113,                0.93285,                 1.1709,                0.68365,                0.68278,                0.62838,                0.35792,                 0.0862,                0.07515,                0.01818,                0.00259,                 1.4841,                 7.6553,                 0.4648,                 1.0899,                 1.3188,              0.0012682,              0.0012682,              0.0012682
                     31,                 1.0944,                 7.0879,                0.42893,                0.92707,                 1.1631,                0.64448,                 0.6784,                0.59722,                0.34374,                0.06932,                0.06135,                0.01609,                0.00219,                 1.4731,                 7.6645,                0.45716,                 1.1115,                 1.3131,              0.0012544,              0.0012544,              0.0012544
                     32,                 1.0774,                 7.0935,                 0.4249,                0.88868,                 1.1529,                0.65624,                0.71012,                0.62493,                0.35851,                0.05649,                0.03988,                0.00715,                 0.0009,                 1.4497,                 7.8143,                0.46827,                 1.0918,                 1.2812,              0.0012407,              0.0012407,              0.0012407
                     33,                 1.0869,                 7.0949,                0.42424,                0.90449,                 1.1563,                0.66087,                0.69172,                0.61696,                0.35769,                0.08682,                0.06288,                0.01695,                0.00227,                 1.4512,                 7.7288,                0.46308,                 1.0887,                 1.3066,              0.0012269,              0.0012269,              0.0012269
                     34,                 1.0784,                 7.0316,                0.42508,                0.89829,                 1.1468,                0.64616,                0.73383,                0.64282,                0.38727,                0.05671,                0.06288,                0.01073,                0.00126,                 1.3801,                 7.5301,                0.45893,                 1.0394,                 1.2102,              0.0012132,              0.0012132,              0.0012132
                     35,                 1.0677,                  7.012,                0.42279,                0.89217,                 1.1458,                0.69567,                0.72086,                0.63573,                0.37363,                  0.094,                0.06748,                0.01464,                0.00165,                 1.4426,                 7.5157,                0.45985,                 1.0263,                  1.262,              0.0011994,              0.0011994,              0.0011994
                     36,                 1.0693,                 7.0176,                0.42394,                0.88965,                 1.1456,                0.65988,                0.72699,                0.62761,                0.36223,                0.09367,                0.06442,                0.01905,                0.00246,                 1.4423,                 7.5421,                 0.4533,                 1.0519,                 1.2648,              0.0011857,              0.0011857,              0.0011857
                     37,                 1.0708,                 7.0203,                0.42218,                0.90344,                 1.1546,                0.70374,                0.69224,                0.63805,                0.37837,                0.07972,                0.06442,                0.01143,                0.00151,                 1.4101,                 7.4924,                0.46119,                 1.0432,                 1.2644,              0.0011719,              0.0011719,              0.0011719
                     38,                  1.039,                 6.9253,                0.42007,                0.87427,                 1.1319,                0.69166,                0.71562,                0.64438,                0.39571,                0.07668,                0.06748,                0.01525,                0.00194,                 1.3868,                 7.5521,                0.45501,                0.99778,                 1.2189,              0.0011581,              0.0011581,              0.0011581
                     39,                 1.0563,                 6.9843,                0.42024,                0.88694,                 1.1414,                0.69157,                0.71779,                0.64118,                 0.3869,                0.06725,                0.06595,                0.01258,                0.00164,                 1.3908,                 7.4778,                0.44831,                 1.0307,                 1.2358,              0.0011444,              0.0011444,              0.0011444
                     40,                 1.0381,                 6.9318,                0.42132,                0.87307,                  1.129,                0.65675,                0.72393,                0.63152,                0.37568,                0.09789,                0.06135,                0.01447,                0.00177,                 1.4147,                 7.4648,                0.45183,                 1.0594,                 1.2644,              0.0011306,              0.0011306,              0.0011306
                     41,                 1.0364,                 6.9317,                 0.4195,                0.87169,                 1.1328,                0.67952,                0.72853,                0.63201,                0.38331,                0.11085,                0.08742,                0.02064,                0.00257,                 1.3743,                  7.381,                0.45123,                 1.0348,                  1.229,              0.0011169,              0.0011169,              0.0011169
                     42,                 1.0442,                 6.8742,                0.41687,                0.86901,                 1.1312,                0.69256,                0.74973,                0.66294,                 0.3993,                0.08859,                0.07822,                0.01658,                 0.0023,                 1.3466,                 7.3989,                0.45111,                0.97398,                 1.2023,              0.0011031,              0.0011031,              0.0011031
                     43,                 1.0319,                  6.884,                0.41764,                0.87781,                 1.1294,                0.67488,                0.72272,                0.63272,                0.37446,                0.11147,                0.08896,                 0.0232,                0.00283,                 1.4346,                 7.3936,                0.44896,                 1.0418,                 1.2806,              0.0010894,              0.0010894,              0.0010894
                     44,                 1.0165,                 6.8613,                 0.4184,                0.85801,                 1.1161,                0.68243,                0.72239,                0.62835,                0.37879,                0.07053,                0.06902,                 0.0122,                0.00152,                 1.4002,                 7.4224,                0.45973,                 1.0247,                 1.2521,              0.0010756,              0.0010756,              0.0010756
                     45,                 1.0223,                 6.8638,                0.41759,                0.86403,                 1.1249,                0.69318,                 0.7362,                 0.6455,                0.39196,                0.09367,                0.08742,                0.02671,                0.00341,                 1.3545,                 7.3452,                0.44688,                 1.0152,                 1.2046,              0.0010619,              0.0010619,              0.0010619
                     46,                 1.0105,                  6.796,                0.41128,                0.84995,                 1.1135,                0.67907,                0.73019,                 0.6398,                0.38991,                0.07154,                0.07669,                0.01747,                0.00218,                 1.3917,                 7.4237,                  0.452,                  1.007,                 1.2362,              0.0010481,              0.0010481,              0.0010481
                     47,                 1.0005,                 6.8256,                0.41325,                 0.8395,                 1.1069,                0.69141,                0.73313,                0.63556,                 0.3894,                0.07601,                0.07975,                0.01395,                0.00187,                 1.3877,                 7.3419,                0.44799,                0.98497,                 1.2214,              0.0010344,              0.0010344,              0.0010344
                     48,                 1.0165,                 6.8093,                0.41414,                 0.8608,                 1.1144,                0.69558,                0.71626,                0.64115,                0.38917,                0.10367,                0.08436,                0.01896,                0.00236,                 1.3988,                 7.4058,                0.45615,                0.98994,                 1.2455,              0.0010206,              0.0010206,              0.0010206
                     49,                 1.0003,                 6.7866,                0.41415,                0.84353,                 1.1091,                0.68853,                0.73926,                0.64996,                0.38942,                0.09674,                0.07822,                0.01928,                0.00254,                 1.3724,                 7.2698,                0.45205,                0.98823,                 1.2222,              0.0010069,              0.0010069,              0.0010069
                     50,                0.99041,                 6.7425,                 0.4125,                0.84012,                 1.1082,                0.66829,                0.71012,                0.62946,                0.36988,                  0.068,                0.05675,                0.01586,                0.00196,                 1.4503,                  7.452,                0.45484,                 1.0589,                 1.2915,             0.00099312,             0.00099312,             0.00099312
                     51,                 1.0005,                 6.7771,                0.41466,                0.84218,                 1.1149,                0.67124,                0.72699,                0.63167,                0.38068,                0.09444,                0.09049,                0.02658,                0.00365,                 1.4335,                 7.3598,                0.45177,                 1.0294,                 1.2864,             0.00097936,             0.00097936,             0.00097936
                     52,                0.97314,                  6.693,                0.41293,                0.82109,                 1.0963,                0.70384,                0.74359,                0.65893,                0.40863,                0.10563,                0.09356,                  0.031,                0.00416,                 1.3383,                 7.2371,                0.44745,                0.96466,                 1.1943,             0.00096561,             0.00096561,             0.00096561
                     53,                0.97529,                  6.758,                0.41171,                0.84243,                 1.1043,                0.69257,                0.75153,                0.64975,                0.40707,                0.13124,                0.08589,                0.02712,                0.00336,                 1.3428,                 7.2991,                0.45033,                0.97391,                 1.2158,             0.00095186,             0.00095186,             0.00095186
                     54,                0.96678,                 6.6539,                0.40699,                0.82845,                 1.0943,                0.68169,                0.72699,                0.63509,                0.39183,                0.12122,                0.09816,                0.02513,                 0.0033,                 1.3736,                 7.2765,                 0.4455,                 1.0027,                 1.2307,              0.0009381,              0.0009381,              0.0009381
                     55,                0.96505,                 6.6528,                0.40881,                0.82194,                 1.0942,                0.69302,                 0.7454,                0.64432,                 0.4069,                0.11901,                 0.1181,                0.02749,                0.00384,                  1.367,                 7.2237,                0.44681,                0.98499,                 1.2214,             0.00092435,             0.00092435,             0.00092435
                     56,                0.96053,                 6.6527,                0.40785,                0.82601,                 1.0909,                0.66643,                0.72314,                0.63866,                0.39951,                0.10265,                0.09969,                0.02297,                0.00305,                 1.3515,                 7.2303,                0.44679,                0.96914,                 1.2311,              0.0009106,              0.0009106,              0.0009106
                     57,                0.95292,                 6.6719,                0.40774,                0.82633,                  1.088,                0.68327,                0.72792,                0.63087,                0.38293,                0.11774,                0.10736,                0.02388,                0.00322,                 1.3876,                 7.2196,                0.44697,                0.98327,                 1.2396,             0.00089685,             0.00089685,             0.00089685
                     58,                 0.9466,                 6.6509,                 0.4089,                0.81373,                 1.0879,                0.68015,                0.74686,                0.62758,                0.38357,                0.07175,                0.07822,                0.01576,                0.00228,                 1.3514,                 7.2648,                0.44832,                0.97882,                 1.2231,             0.00088309,             0.00088309,             0.00088309
                     59,                0.96695,                 6.6738,                0.40686,                0.83068,                 1.0982,                0.69532,                0.72455,                0.65582,                0.40396,                0.10922,                0.09969,                0.02889,                0.00367,                 1.3442,                 7.2408,                0.44841,                0.96701,                 1.2213,             0.00086934,             0.00086934,             0.00086934
                     60,                0.95381,                 6.6183,                0.40591,                 0.8328,                 1.0889,                0.70831,                0.71626,                0.65087,                0.39732,                0.10297,                0.09356,                0.02089,                0.00273,                 1.3672,                 7.2497,                0.44584,                0.97408,                 1.2086,             0.00085559,             0.00085559,             0.00085559
                     61,                0.94771,                 6.6189,                0.40418,                0.80784,                 1.0857,                0.67552,                0.77607,                0.63222,                0.38553,                0.09785,                0.08896,                0.02558,                0.00335,                 1.3667,                 7.2506,                0.44615,                 0.9689,                 1.2313,             0.00084184,             0.00084184,             0.00084184
                     62,                0.93837,                 6.6421,                0.40667,                0.81487,                 1.0868,                0.70341,                 0.7408,                0.64253,                 0.3991,                0.10297,                0.10123,                0.02547,                0.00331,                 1.3743,                 7.2161,                0.44513,                0.95893,                 1.2343,             0.00082808,             0.00082808,             0.00082808
                     63,                0.94692,                 6.6103,                 0.4093,                0.81023,                 1.0937,                0.67056,                0.76534,                0.64807,                 0.3967,                0.11709,                0.10736,                0.02813,                0.00383,                 1.3809,                 7.1626,                0.44113,                0.96156,                 1.2295,             0.00081433,             0.00081433,             0.00081433
                     64,                0.92946,                  6.599,                0.40495,                0.80615,                 1.0831,                0.66791,                0.72546,                0.62803,                0.38652,                0.12603,                 0.1135,                0.03385,                0.00448,                 1.4001,                 7.2111,                0.44223,                 1.0004,                 1.2644,             0.00080058,             0.00080058,             0.00080058
                     65,                0.93991,                 6.6137,                0.40587,                0.80581,                 1.0867,                0.70696,                 0.7408,                 0.6549,                0.41103,                0.14538,                0.11656,                0.04053,                0.00545,                 1.3574,                 7.1346,                0.44163,                 0.9463,                 1.2166,             0.00078682,             0.00078682,             0.00078682
                     66,                0.92797,                 6.6071,                0.40272,                 0.8149,                 1.0778,                0.69817,                0.71665,                0.64387,                0.39896,                0.12893,                0.12117,                   0.03,                 0.0038,                 1.3831,                 7.1735,                0.44072,                0.97021,                 1.2329,             0.00077307,             0.00077307,             0.00077307
                     67,                0.92272,                 6.5803,                0.40703,                0.81228,                 1.0804,                0.71285,                0.72546,                0.64712,                 0.3979,                0.13386,                0.09663,                0.02711,                0.00374,                 1.3809,                 7.1414,                0.44341,                0.99118,                 1.2329,             0.00075932,             0.00075932,             0.00075932
                     68,                0.93018,                 6.5629,                0.40377,                0.79697,                 1.0822,                0.69786,                0.72086,                0.64325,                0.39717,                0.12041,                0.10429,                0.02644,                0.00367,                 1.3842,                 7.2024,                0.44778,                 1.0053,                 1.2382,             0.00074557,             0.00074557,             0.00074557
                     69,                0.90592,                 6.5164,                0.40331,                0.79697,                 1.0701,                0.72742,                0.73006,                0.65548,                0.41373,                0.12339,                0.09969,                0.03092,                0.00439,                 1.3467,                 7.1546,                0.44464,                0.96068,                 1.2071,             0.00073181,             0.00073181,             0.00073181
                     70,                0.91117,                 6.5141,                0.40525,                0.78837,                 1.0721,                0.69196,                0.73006,                0.64778,                0.39938,                0.13243,                0.10429,                0.03387,                0.00461,                 1.3657,                 7.2074,                0.44227,                0.98438,                  1.242,             0.00071806,             0.00071806,             0.00071806
                     71,                0.90301,                 6.4541,                 0.4027,                0.78998,                 1.0629,                0.68441,                   0.75,                 0.6553,                0.41311,                0.14092,                0.09816,                0.02947,                0.00397,                 1.3311,                 7.1364,                0.44309,                0.95855,                 1.2052,             0.00070431,             0.00070431,             0.00070431
                     72,                0.89899,                 6.5013,                 0.4043,                0.77767,                 1.0662,                0.69151,                 0.7316,                0.63734,                 0.3942,                0.11136,                0.10629,                0.02601,                0.00349,                 1.3465,                  7.126,                0.44347,                0.97881,                 1.2219,             0.00069055,             0.00069055,             0.00069055
                     73,                0.90347,                 6.5039,                0.40132,                0.79742,                 1.0681,                0.68207,                0.73926,                0.65219,                0.40412,                0.12665,                 0.1181,                0.03759,                0.00568,                 1.3743,                  7.122,                0.44241,                0.99047,                 1.2404,              0.0006768,              0.0006768,              0.0006768
                     74,                 0.8996,                 6.4749,                0.39998,                0.78278,                 1.0626,                 0.6838,                0.72638,                0.64814,                0.40181,                0.14238,                0.11656,                0.04082,                0.00567,                 1.3841,                 7.1066,                0.44585,                0.98629,                 1.2397,             0.00066305,             0.00066305,             0.00066305
                     75,                0.88783,                 6.4678,                 0.3998,                0.78434,                 1.0631,                0.69585,                0.75307,                0.65759,                0.41238,                0.12708,                0.09509,                0.02943,                0.00411,                   1.37,                 7.0991,                0.44847,                0.96553,                 1.2289,              0.0006493,              0.0006493,              0.0006493
                     76,                0.88567,                  6.477,                0.40347,                0.78586,                 1.0597,                0.70579,                0.74847,                0.65511,                0.40888,                0.12743,                 0.1181,                0.03455,                0.00445,                 1.3602,                 7.1138,                0.44279,                0.96589,                 1.2149,             0.00063554,             0.00063554,             0.00063554
                     77,                0.88824,                 6.4238,                0.40081,                 0.7812,                  1.061,                0.71088,                0.76074,                0.65452,                 0.4073,                0.13242,                0.11196,                0.03427,                0.00482,                 1.3497,                 7.0876,                0.44142,                0.96845,                 1.2244,             0.00062179,             0.00062179,             0.00062179
                     78,                0.87839,                 6.4092,                 0.4021,                0.77424,                 1.0596,                0.69837,                0.76349,                0.65981,                0.41746,                 0.1352,                0.11656,                0.04116,                0.00554,                 1.3372,                 7.0689,                0.44418,                0.96137,                 1.2175,             0.00060804,             0.00060804,             0.00060804
                     79,                0.86243,                 6.3868,                0.39896,                0.77415,                 1.0513,                0.70526,                0.73398,                0.64787,                0.40724,                0.12636,                0.11656,                0.04061,                0.00598,                  1.364,                 7.0543,                0.44592,                0.98688,                 1.2209,             0.00059429,             0.00059429,             0.00059429
                     80,                0.86894,                 6.4165,                0.39951,                0.77785,                 1.0596,                0.68751,                0.73773,                0.65561,                0.41023,                0.12739,                 0.1089,                0.03236,                0.00447,                 1.3661,                 7.1361,                0.44451,                0.98248,                 1.2379,             0.00058053,             0.00058053,             0.00058053
                     81,                0.86292,                 6.3929,                0.39859,                0.75813,                 1.0458,                 0.7153,                0.73601,                0.65784,                0.40771,                0.13917,                 0.1273,                0.04236,                0.00561,                 1.3487,                   7.06,                0.44607,                0.95979,                 1.2274,             0.00056678,             0.00056678,             0.00056678
                     82,                0.86995,                 6.3607,                0.40145,                0.77127,                 1.0493,                0.69781,                0.72853,                0.64042,                0.39554,                0.10677,                0.09816,                 0.0298,                0.00409,                 1.3738,                 7.0947,                0.44792,                0.96084,                 1.2573,             0.00055303,             0.00055303,             0.00055303
                     83,                0.86199,                  6.373,                0.39489,                0.77435,                 1.0512,                 0.6898,                0.75715,                0.65331,                0.41023,                0.14771,                0.09816,                0.03132,                0.00447,                 1.3557,                 7.0852,                 0.4431,                0.97461,                  1.233,             0.00053927,             0.00053927,             0.00053927
                     84,                0.86982,                 6.3984,                0.39536,                0.77042,                 1.0529,                0.69405,                0.74233,                0.65206,                0.41129,                0.13025,                0.12883,                0.03655,                0.00505,                 1.3559,                 7.0875,                0.44512,                0.96173,                 1.2188,             0.00052552,             0.00052552,             0.00052552
                     85,                0.85462,                 6.3588,                0.39619,                0.75742,                 1.0458,                0.67981,                0.74847,                0.64337,                0.40394,                0.13331,                0.10429,                0.03184,                0.00432,                 1.3693,                 7.1278,                0.44623,                0.97957,                 1.2337,             0.00051177,             0.00051177,             0.00051177
                     86,                0.84998,                 6.3497,                0.39558,                0.76343,                 1.0461,                 0.6813,                0.75413,                0.65696,                0.41225,                0.14603,                 0.1181,                0.03746,                0.00518,                 1.3437,                 7.0983,                0.44383,                0.97705,                 1.2081,             0.00049802,             0.00049802,             0.00049802
                     87,                0.84403,                 6.3401,                0.39506,                0.75966,                 1.0459,                0.69167,                0.75613,                0.65439,                0.41278,                0.11918,                 0.1273,                0.03465,                0.00501,                  1.355,                 7.0558,                0.44429,                0.97973,                 1.2151,             0.00048426,             0.00048426,             0.00048426
                     88,                0.84014,                 6.3105,                0.39385,                0.75925,                 1.0353,                0.68414,                0.77403,                0.66395,                0.41162,                0.14701,                0.10276,                0.03402,                0.00501,                 1.3601,                 7.0265,                0.44392,                0.96985,                 1.2196,             0.00047051,             0.00047051,             0.00047051
                     89,                0.83678,                 6.2984,                0.39428,                0.74823,                 1.0411,                0.69784,                0.71933,                0.64553,                0.39721,                0.13563,                 0.1135,                0.03333,                0.00475,                 1.3661,                 7.0821,                0.44582,                0.98038,                 1.2437,             0.00045676,             0.00045676,             0.00045676
                     90,                0.84516,                 6.3419,                0.39516,                0.76934,                 1.0426,                0.70488,                0.74731,                0.65536,                0.40597,                0.13086,                0.10583,                0.03064,                 0.0047,                 1.3447,                 7.0561,                0.44645,                0.98071,                 1.2279,             0.00044301,             0.00044301,             0.00044301
                     91,                0.82956,                 6.3247,                0.39556,                0.75161,                 1.0337,                0.69728,                0.74233,                0.64821,                0.40807,                0.13675,                 0.1089,                0.03494,                0.00495,                 1.3546,                 7.0869,                0.44398,                0.99207,                 1.2216,             0.00042925,             0.00042925,             0.00042925
                     92,                0.82827,                 6.2814,                0.39523,                0.75677,                 1.0373,                0.70184,                   0.75,                0.66752,                0.41961,                0.14934,                0.10205,                0.03297,                0.00486,                 1.3188,                 7.0202,                  0.441,                0.94684,                  1.204,              0.0004155,              0.0004155,              0.0004155
                     93,                0.82053,                 6.2244,                0.39322,                0.72474,                 1.0339,                0.68456,                0.76554,                0.67053,                0.42125,                0.13144,                0.10276,                  0.031,                 0.0046,                 1.3407,                 7.0176,                0.43914,                0.95105,                 1.2177,             0.00040175,             0.00040175,             0.00040175
                     94,                0.81662,                 6.2747,                0.39722,                0.75189,                 1.0323,                0.68629,                0.75159,                0.65478,                0.41544,                0.15827,                0.11656,                0.03921,                0.00549,                 1.3408,                 7.0268,                0.44226,                0.97744,                 1.2202,             0.00038799,             0.00038799,             0.00038799
                     95,                0.81152,                 6.2319,                0.39302,                0.73593,                 1.0306,                0.69782,                0.75153,                0.65375,                0.40966,                0.14853,                0.11656,                0.03551,                0.00485,                 1.3441,                 7.0487,                0.44307,                0.97819,                 1.2177,             0.00037424,             0.00037424,             0.00037424
                     96,                0.81731,                 6.2812,                 0.3936,                0.74857,                 1.0343,                0.70165,                0.74666,                0.65337,                0.41651,                0.13577,                0.11043,                0.03395,                0.00487,                  1.319,                 7.0526,                0.43876,                0.95751,                 1.2011,             0.00036049,             0.00036049,             0.00036049
                     97,                0.80784,                 6.1967,                 0.3907,                0.73932,                 1.0276,                0.69005,                0.74693,                0.65771,                0.41974,                0.13537,                0.11963,                0.04075,                0.00552,                 1.3221,                 7.0624,                0.44096,                0.97665,                 1.2088,             0.00034674,             0.00034674,             0.00034674
                     98,                0.81048,                 6.2536,                0.39345,                0.75603,                 1.0297,                0.67925,                0.75677,                0.65341,                0.41251,                0.13776,                0.09663,                 0.0331,                0.00486,                 1.3349,                 7.0649,                 0.4416,                0.99526,                 1.2178,             0.00033298,             0.00033298,             0.00033298
                     99,                0.81195,                 6.2452,                0.39468,                0.72975,                   1.03,                 0.7123,                0.73313,                0.65226,                0.41502,                0.13769,                 0.1089,                0.03665,                0.00501,                 1.3285,                 7.0339,                0.44343,                0.97013,                 1.2087,             0.00031923,             0.00031923,             0.00031923
                    100,                0.79943,                 6.2234,                0.39383,                0.74478,                 1.0251,                0.69507,                0.75865,                  0.649,                0.41259,                0.15034,                0.11196,                0.04013,                0.00545,                 1.3364,                  7.014,                0.44242,                0.98398,                 1.2209,             0.00030548,             0.00030548,             0.00030548
                    101,                0.80428,                 6.2411,                0.39377,                0.73841,                 1.0301,                0.69669,                0.75038,                 0.6431,                0.40856,                0.15941,                 0.1089,                0.04288,                0.00561,                 1.3437,                 7.0278,                0.44468,                0.99854,                 1.2249,             0.00029172,             0.00029172,             0.00029172
                    102,                0.80603,                 6.2053,                0.39072,                0.72815,                 1.0275,                0.70035,                0.75153,                0.64493,                 0.4075,                0.13644,                 0.1089,                0.03842,                0.00512,                 1.3355,                 7.0364,                0.44325,                0.98471,                 1.2154,             0.00027797,             0.00027797,             0.00027797
                    103,                0.79243,                 6.2086,                 0.3922,                 0.7278,                 1.0257,                0.70577,                0.74233,                0.64718,                0.41043,                 0.1328,                0.10429,                0.03683,                0.00513,                 1.3379,                 7.0169,                0.44213,                0.98413,                 1.2253,             0.00026422,             0.00026422,             0.00026422
                    104,                0.78415,                  6.172,                0.39504,                0.72001,                 1.0185,                0.69385,                0.74734,                0.64904,                0.41048,                 0.1311,                 0.1089,                0.03542,                0.00532,                 1.3374,                 7.0226,                0.44273,                0.99276,                 1.2251,             0.00025047,             0.00025047,             0.00025047
                    105,                0.79018,                 6.2122,                0.39427,                0.73227,                 1.0244,                0.68745,                 0.7454,                0.64241,                0.40732,                0.15124,                0.10583,                0.03751,                0.00554,                 1.3438,                 7.0493,                0.44405,                0.98968,                 1.2367,             0.00023671,             0.00023671,             0.00023671
                    106,                0.78082,                 6.1821,                0.38789,                0.73103,                 1.0154,                0.68779,                0.73926,                0.64714,                0.41311,                0.15018,                 0.1089,                0.03563,                0.00501,                 1.3386,                  7.033,                 0.4426,                0.99805,                 1.2279,             0.00022296,             0.00022296,             0.00022296
                    107,                0.76994,                 6.1293,                 0.3924,                0.70921,                 1.0146,                0.70036,                0.72415,                0.64481,                 0.4117,                0.13406,                0.10429,                0.03172,                0.00459,                 1.3296,                 7.0059,                0.44006,                0.99493,                 1.2269,             0.00020921,             0.00020921,             0.00020921
                    108,                0.77185,                 6.1356,                0.39137,                 0.7158,                 1.0137,                0.70023,                 0.7316,                0.64765,                 0.4099,                0.15488,                 0.1135,                0.03749,                0.00524,                 1.3276,                 7.0114,                0.43936,                0.99719,                 1.2219,             0.00019546,             0.00019546,             0.00019546
                    109,                0.77168,                 6.1416,                0.38825,                0.72309,                 1.0188,                0.69063,                 0.7408,                0.65119,                0.41107,                0.15603,                 0.1089,                0.03514,                0.00487,                  1.328,                 7.0258,                0.44163,                  0.993,                 1.2217,              0.0001817,              0.0001817,              0.0001817
                    110,                0.76712,                 6.1476,                0.38746,                0.71498,                 1.0132,                  0.683,                0.74023,                0.65609,                0.41476,                0.13085,                  0.121,                0.03547,                0.00488,                  1.323,                 7.0134,                0.44137,                0.99141,                 1.2129,             0.00016795,             0.00016795,             0.00016795
                    111,                0.61936,                 5.4961,                0.33262,                0.60279,                0.92582,                0.69329,                0.73313,                0.64538,                0.40863,                0.12871,                 0.1181,                 0.0347,                0.00458,                  1.335,                 7.0306,                0.44017,                 1.0096,                 1.2181,              0.0001542,              0.0001542,              0.0001542
                    112,                0.60551,                  5.475,                 0.3309,                0.58695,                0.92158,                0.69167,                0.72941,                0.65002,                0.41498,                0.12579,                0.11963,                0.03736,                 0.0052,                 1.3339,                 7.0181,                0.43938,                 1.0157,                 1.2086,             0.00014044,             0.00014044,             0.00014044
                    113,                0.59868,                 5.4471,                0.33037,                0.59007,                0.91939,                0.69332,                0.72121,                0.65362,                0.41308,                0.13816,                 0.1319,                0.04101,                0.00575,                 1.3284,                 7.0175,                0.43875,                 1.0272,                 1.2039,             0.00012669,             0.00012669,             0.00012669
                    114,                0.59156,                 5.4466,                0.33143,                0.58889,                0.91951,                0.69925,                0.73466,                0.65614,                0.41463,                0.14101,                0.11963,                0.03966,                0.00595,                 1.3375,                 7.0121,                0.43795,                 1.0452,                 1.2123,             0.00011294,             0.00011294,             0.00011294
                    115,                 0.5821,                 5.4317,                0.32696,                0.57638,                0.90734,                0.70614,                0.72546,                0.65358,                 0.4118,                0.14002,                0.11503,                0.03869,                0.00561,                  1.347,                 7.0112,                0.43966,                 1.0374,                 1.2207,             9.9187e-05,             9.9187e-05,             9.9187e-05
                    116,                0.57692,                   5.43,                0.32917,                0.57539,                0.91341,                0.70411,                0.72393,                0.65216,                0.41445,                0.15382,                0.11656,                0.04273,                0.00651,                 1.3509,                 7.0086,                0.43925,                 1.0499,                 1.2241,             8.5434e-05,             8.5434e-05,             8.5434e-05
                    117,                0.58274,                 5.4186,                0.32643,                0.57584,                0.91388,                 0.7071,                0.72546,                0.65181,                0.41587,                0.14778,                0.11656,                0.04401,                0.00671,                 1.3474,                 7.0178,                0.43987,                 1.0499,                  1.222,             7.1681e-05,             7.1681e-05,             7.1681e-05
                    118,                0.56815,                 5.4227,                0.32547,                0.57085,                0.90736,                  0.701,                0.73313,                0.65331,                0.41541,                0.15706,                 0.1227,                 0.0473,                0.00712,                  1.349,                 7.0136,                0.43927,                 1.0522,                 1.2271,             5.7928e-05,             5.7928e-05,             5.7928e-05
                    119,                0.57299,                 5.4218,                0.32779,                0.57672,                0.90766,                0.68814,                0.73926,                0.65149,                0.41544,                0.14866,                0.11963,                0.04508,                0.00666,                 1.3492,                 7.0234,                0.43903,                 1.0485,                 1.2281,             4.4176e-05,             4.4176e-05,             4.4176e-05
                    120,                0.56542,                 5.4199,                0.32665,                0.57095,                0.90277,                0.69008,                 0.7362,                0.64998,                0.41253,                0.14857,                 0.1227,                0.04497,                0.00668,                 1.3534,                 7.0266,                0.43927,                 1.0541,                  1.234,             3.0423e-05,             3.0423e-05,             3.0423e-05
